Service, Operation, UsageType, Resource, StartTime, EndTime, UsageValue
AmazonS3,PutObject,C3DataTransfer-In-Bytes,4b8545297362cfff9efe73a19b7c30d2-default,"Jun 4, 2008 12:00 AM","Jun 5, 2008 12:00 AM",13863
AmazonS3,PutObject,C3DataTransfer-In-Bytes,4b8545297362cfff9efe73a19b7c30d2-default,"Jun 5, 2008 12:00 AM","Jun 6, 2008 12:00 AM",5617575
AmazonS3,GetObject,C3DataTransfer-Out-Bytes,corpwatch.org,"Jun 1, 2008 12:00 AM","Jun 2, 2008 12:00 AM",110320
AmazonS3,GetObject,C3DataTransfer-Out-Bytes,codepink4peace.org,"Jun 2, 2008 12:00 AM","Jun 3, 2008 12:00 AM",3746
AmazonS3,GetObject,C3DataTransfer-Out-Bytes,codepink4peace.org,"Jun 4, 2008 12:00 AM","Jun 5, 2008 12:00 AM",365598
AmazonS3,GetObject,C3DataTransfer-Out-Bytes,4b8545297362cfff9efe73a19b7c30d2-default,"Jun 4, 2008 12:00 AM","Jun 5, 2008 12:00 AM",13863
AmazonS3,GetObject,C3DataTransfer-Out-Bytes,corpwatch.org,"Jun 5, 2008 12:00 AM","Jun 6, 2008 12:00 AM",224504
AmazonS3,GetObject,C3DataTransfer-Out-Bytes,4b8545297362cfff9efe73a19b7c30d2-default,"Jun 5, 2008 12:00 AM","Jun 6, 2008 12:00 AM",5617575
AmazonS3,GetObject,C3DataTransfer-Out-Bytes,codepink4peace.org,"Jun 5, 2008 12:00 AM","Jun 6, 2008 12:00 AM",1554904
AmazonS3,PutObject,DataTransfer-In-Bytes,actions.energyactioncoalition.org,"Jun 1, 2008 12:00 AM","Jun 2, 2008 12:00 AM",4224
AmazonS3,PutObject,DataTransfer-In-Bytes,seiuvoice.org,"Jun 1, 2008 12:00 AM","Jun 2, 2008 12:00 AM",155491
AmazonS3,PutObject,DataTransfer-In-Bytes,events.unitedforpeace.org,"Jun 1, 2008 12:00 AM","Jun 2, 2008 12:00 AM",8448
AmazonS3,PutObject,DataTransfer-In-Bytes,corpwatch.org,"Jun 1, 2008 12:00 AM","Jun 2, 2008 12:00 AM",1157982
AmazonS3,PutObject,DataTransfer-In-Bytes,codepink4peace.org,"Jun 1, 2008 12:00 AM","Jun 2, 2008 12:00 AM",734248
AmazonS3,PutObject,DataTransfer-In-Bytes,events.womenarts.org,"Jun 1, 2008 12:00 AM","Jun 2, 2008 12:00 AM",4224
AmazonS3,PutObject,DataTransfer-In-Bytes,codepink4peace.org,"Jun 2, 2008 12:00 AM","Jun 3, 2008 12:00 AM",267601
AmazonS3,PutObject,DataTransfer-In-Bytes,actions.energyactioncoalition.org,"Jun 2, 2008 12:00 AM","Jun 3, 2008 12:00 AM",4224
AmazonS3,PutObject,DataTransfer-In-Bytes,events.unitedforpeace.org,"Jun 2, 2008 12:00 AM","Jun 3, 2008 12:00 AM",8448
AmazonS3,PutObject,DataTransfer-In-Bytes,seiuvoice.org,"Jun 2, 2008 12:00 AM","Jun 3, 2008 12:00 AM",943324
AmazonS3,PutObject,DataTransfer-In-Bytes,events.radicaldesigns.org,"Jun 2, 2008 12:00 AM","Jun 3, 2008 12:00 AM",27877
AmazonS3,PutObject,DataTransfer-In-Bytes,codepink4peace.org,"Jun 3, 2008 12:00 AM","Jun 4, 2008 12:00 AM",548236
AmazonS3,PutObject,DataTransfer-In-Bytes,events.womenarts.org,"Jun 3, 2008 12:00 AM","Jun 4, 2008 12:00 AM",4224
AmazonS3,PutObject,DataTransfer-In-Bytes,actions.energyactioncoalition.org,"Jun 3, 2008 12:00 AM","Jun 4, 2008 12:00 AM",8448
AmazonS3,PutObject,DataTransfer-In-Bytes,events.unitedforpeace.org,"Jun 3, 2008 12:00 AM","Jun 4, 2008 12:00 AM",4224
AmazonS3,PutObject,DataTransfer-In-Bytes,4b8545297362cfff9efe73a19b7c30d2-default,"Jun 3, 2008 12:00 AM","Jun 4, 2008 12:00 AM",5663667
AmazonS3,PutObject,DataTransfer-In-Bytes,seiuvoice.org,"Jun 3, 2008 12:00 AM","Jun 4, 2008 12:00 AM",184046
AmazonS3,PutObject,DataTransfer-In-Bytes,codepink4peace.org,"Jun 4, 2008 12:00 AM","Jun 5, 2008 12:00 AM",5320311
AmazonS3,PutObject,DataTransfer-In-Bytes,seiuvoice.org,"Jun 4, 2008 12:00 AM","Jun 5, 2008 12:00 AM",87237
AmazonS3,PutObject,DataTransfer-In-Bytes,unitedforpeace.org,"Jun 4, 2008 12:00 AM","Jun 5, 2008 12:00 AM",91748
AmazonS3,PutObject,DataTransfer-In-Bytes,4b8545297362cfff9efe73a19b7c30d2-default,"Jun 4, 2008 12:00 AM","Jun 5, 2008 12:00 AM",13863
AmazonS3,PutObject,DataTransfer-In-Bytes,codepink4peace.org,"Jun 5, 2008 12:00 AM","Jun 6, 2008 12:00 AM",308543
AmazonS3,PutObject,DataTransfer-In-Bytes,unitedforpeace.org,"Jun 5, 2008 12:00 AM","Jun 6, 2008 12:00 AM",3298
AmazonS3,PutObject,DataTransfer-In-Bytes,events.womenarts.org,"Jun 5, 2008 12:00 AM","Jun 6, 2008 12:00 AM",581177
AmazonS3,PutObject,DataTransfer-In-Bytes,4b8545297362cfff9efe73a19b7c30d2-default,"Jun 5, 2008 12:00 AM","Jun 6, 2008 12:00 AM",21503528
AmazonS3,PutObject,DataTransfer-In-Bytes,corpwatch.org,"Jun 5, 2008 12:00 AM","Jun 6, 2008 12:00 AM",153581
AmazonS3,GetObject,DataTransfer-Out-Bytes,seiuvoice.org,"Jun 1, 2008 12:00 AM","Jun 2, 2008 12:00 AM",436622460
AmazonS3,GetObject,DataTransfer-Out-Bytes,notyoursoldier.org,"Jun 1, 2008 12:00 AM","Jun 2, 2008 12:00 AM",2043796834
AmazonS3,GetObject,DataTransfer-Out-Bytes,corpwatch.org,"Jun 1, 2008 12:00 AM","Jun 2, 2008 12:00 AM",340934075
AmazonS3,GetObject,DataTransfer-Out-Bytes,codepink4peace.org,"Jun 1, 2008 12:00 AM","Jun 2, 2008 12:00 AM",734235898
AmazonS3,GetObject,DataTransfer-Out-Bytes,stepitup2007.org,"Jun 1, 2008 12:00 AM","Jun 2, 2008 12:00 AM",153464340
AmazonS3,GetObject,DataTransfer-Out-Bytes,actions.energyactioncoalition.org,"Jun 1, 2008 12:00 AM","Jun 2, 2008 12:00 AM",807155
AmazonS3,GetObject,DataTransfer-Out-Bytes,events.unitedforpeace.org,"Jun 1, 2008 12:00 AM","Jun 2, 2008 12:00 AM",872812
AmazonS3,GetObject,DataTransfer-Out-Bytes,events.momsrising.org,"Jun 1, 2008 12:00 AM","Jun 2, 2008 12:00 AM",2217700
AmazonS3,GetObject,DataTransfer-Out-Bytes,events.radicaldesigns.org,"Jun 1, 2008 12:00 AM","Jun 2, 2008 12:00 AM",693
AmazonS3,GetObject,DataTransfer-Out-Bytes,actionecho.radicaldesigns.org,"Jun 1, 2008 12:00 AM","Jun 2, 2008 12:00 AM",1757415
AmazonS3,GetObject,DataTransfer-Out-Bytes,everythingscool.org,"Jun 1, 2008 12:00 AM","Jun 2, 2008 12:00 AM",127720
AmazonS3,GetObject,DataTransfer-Out-Bytes,events.catalogcutdown.org,"Jun 1, 2008 12:00 AM","Jun 2, 2008 12:00 AM",72441
AmazonS3,GetObject,DataTransfer-Out-Bytes,events.womenarts.org,"Jun 1, 2008 12:00 AM","Jun 2, 2008 12:00 AM",258
AmazonS3,ListBucket,DataTransfer-Out-Bytes,stepitup2007.org,"Jun 1, 2008 12:00 AM","Jun 2, 2008 12:00 AM",462
AmazonS3,UnknownAction,DataTransfer-Out-Bytes,codepink4peace.org,"Jun 1, 2008 12:00 AM","Jun 2, 2008 12:00 AM",15296
AmazonS3,UnknownAction,DataTransfer-Out-Bytes,corpwatch.org,"Jun 1, 2008 12:00 AM","Jun 2, 2008 12:00 AM",396
AmazonS3,GetObject,DataTransfer-Out-Bytes,corpwatch.org,"Jun 2, 2008 12:00 AM","Jun 3, 2008 12:00 AM",391535274
AmazonS3,GetObject,DataTransfer-Out-Bytes,stepitup2007.org,"Jun 2, 2008 12:00 AM","Jun 3, 2008 12:00 AM",221208064
AmazonS3,GetObject,DataTransfer-Out-Bytes,codepink4peace.org,"Jun 2, 2008 12:00 AM","Jun 3, 2008 12:00 AM",805880591
AmazonS3,GetObject,DataTransfer-Out-Bytes,seiuvoice.org,"Jun 2, 2008 12:00 AM","Jun 3, 2008 12:00 AM",696693211
AmazonS3,GetObject,DataTransfer-Out-Bytes,actions.energyactioncoalition.org,"Jun 2, 2008 12:00 AM","Jun 3, 2008 12:00 AM",735588
AmazonS3,GetObject,DataTransfer-Out-Bytes,notyoursoldier.org,"Jun 2, 2008 12:00 AM","Jun 3, 2008 12:00 AM",2242325434
AmazonS3,GetObject,DataTransfer-Out-Bytes,events.unitedforpeace.org,"Jun 2, 2008 12:00 AM","Jun 3, 2008 12:00 AM",732740
AmazonS3,GetObject,DataTransfer-Out-Bytes,everythingscool.org,"Jun 2, 2008 12:00 AM","Jun 3, 2008 12:00 AM",95629
AmazonS3,GetObject,DataTransfer-Out-Bytes,actionecho.radicaldesigns.org,"Jun 2, 2008 12:00 AM","Jun 3, 2008 12:00 AM",10175119
AmazonS3,GetObject,DataTransfer-Out-Bytes,events.catalogcutdown.org,"Jun 2, 2008 12:00 AM","Jun 3, 2008 12:00 AM",289364
AmazonS3,GetObject,DataTransfer-Out-Bytes,events.momsrising.org,"Jun 2, 2008 12:00 AM","Jun 3, 2008 12:00 AM",2044088
AmazonS3,GetObject,DataTransfer-Out-Bytes,unitedforpeace.org,"Jun 2, 2008 12:00 AM","Jun 3, 2008 12:00 AM",134461
AmazonS3,GetObject,DataTransfer-Out-Bytes,events.radicaldesigns.org,"Jun 2, 2008 12:00 AM","Jun 3, 2008 12:00 AM",231
AmazonS3,ListBucket,DataTransfer-Out-Bytes,4b8545297362cfff9efe73a19b7c30d2-default,"Jun 2, 2008 12:00 AM","Jun 3, 2008 12:00 AM",8353
AmazonS3,ListBucket,DataTransfer-Out-Bytes,notyoursoldier.org,"Jun 2, 2008 12:00 AM","Jun 3, 2008 12:00 AM",231
AmazonS3,UnknownAction,DataTransfer-Out-Bytes,codepink4peace.org,"Jun 2, 2008 12:00 AM","Jun 3, 2008 12:00 AM",16414
AmazonS3,GetObject,DataTransfer-Out-Bytes,events.momsrising.org,"Jun 3, 2008 12:00 AM","Jun 4, 2008 12:00 AM",1154100
AmazonS3,GetObject,DataTransfer-Out-Bytes,corpwatch.org,"Jun 3, 2008 12:00 AM","Jun 4, 2008 12:00 AM",472693361
AmazonS3,GetObject,DataTransfer-Out-Bytes,stepitup2007.org,"Jun 3, 2008 12:00 AM","Jun 4, 2008 12:00 AM",264722057
AmazonS3,GetObject,DataTransfer-Out-Bytes,codepink4peace.org,"Jun 3, 2008 12:00 AM","Jun 4, 2008 12:00 AM",872169776
AmazonS3,GetObject,DataTransfer-Out-Bytes,seiuvoice.org,"Jun 3, 2008 12:00 AM","Jun 4, 2008 12:00 AM",447984951
AmazonS3,GetObject,DataTransfer-Out-Bytes,notyoursoldier.org,"Jun 3, 2008 12:00 AM","Jun 4, 2008 12:00 AM",2982036238
AmazonS3,GetObject,DataTransfer-Out-Bytes,events.unitedforpeace.org,"Jun 3, 2008 12:00 AM","Jun 4, 2008 12:00 AM",7521939
AmazonS3,GetObject,DataTransfer-Out-Bytes,actions.energyactioncoalition.org,"Jun 3, 2008 12:00 AM","Jun 4, 2008 12:00 AM",1056111
AmazonS3,GetObject,DataTransfer-Out-Bytes,events.catalogcutdown.org,"Jun 3, 2008 12:00 AM","Jun 4, 2008 12:00 AM",396476
AmazonS3,GetObject,DataTransfer-Out-Bytes,everythingscool.org,"Jun 3, 2008 12:00 AM","Jun 4, 2008 12:00 AM",221314
AmazonS3,GetObject,DataTransfer-Out-Bytes,events.womenarts.org,"Jun 3, 2008 12:00 AM","Jun 4, 2008 12:00 AM",341653
AmazonS3,GetObject,DataTransfer-Out-Bytes,events.radicaldesigns.org,"Jun 3, 2008 12:00 AM","Jun 4, 2008 12:00 AM",924
AmazonS3,GetObject,DataTransfer-Out-Bytes,unitedforpeace.org,"Jun 3, 2008 12:00 AM","Jun 4, 2008 12:00 AM",134461
AmazonS3,GetObject,DataTransfer-Out-Bytes,actionecho.radicaldesigns.org,"Jun 3, 2008 12:00 AM","Jun 4, 2008 12:00 AM",4701418
AmazonS3,GetObject,DataTransfer-Out-Bytes,4b8545297362cfff9efe73a19b7c30d2-default,"Jun 3, 2008 12:00 AM","Jun 4, 2008 12:00 AM",5821141
AmazonS3,ListAllMyBuckets,DataTransfer-Out-Bytes,,"Jun 3, 2008 12:00 AM","Jun 4, 2008 12:00 AM",7940
AmazonS3,ListBucket,DataTransfer-Out-Bytes,corpwatch.org,"Jun 3, 2008 12:00 AM","Jun 4, 2008 12:00 AM",231
AmazonS3,ListBucket,DataTransfer-Out-Bytes,4b8545297362cfff9efe73a19b7c30d2-default,"Jun 3, 2008 12:00 AM","Jun 4, 2008 12:00 AM",35547
AmazonS3,UnknownAction,DataTransfer-Out-Bytes,corpwatch.org,"Jun 3, 2008 12:00 AM","Jun 4, 2008 12:00 AM",23188
AmazonS3,UnknownAction,DataTransfer-Out-Bytes,codepink4peace.org,"Jun 3, 2008 12:00 AM","Jun 4, 2008 12:00 AM",18664
AmazonS3,GetObject,DataTransfer-Out-Bytes,seiuvoice.org,"Jun 4, 2008 12:00 AM","Jun 5, 2008 12:00 AM",378271809
AmazonS3,GetObject,DataTransfer-Out-Bytes,codepink4peace.org,"Jun 4, 2008 12:00 AM","Jun 5, 2008 12:00 AM",781098933
AmazonS3,GetObject,DataTransfer-Out-Bytes,notyoursoldier.org,"Jun 4, 2008 12:00 AM","Jun 5, 2008 12:00 AM",2880718727
AmazonS3,GetObject,DataTransfer-Out-Bytes,actionecho.radicaldesigns.org,"Jun 4, 2008 12:00 AM","Jun 5, 2008 12:00 AM",688066
AmazonS3,GetObject,DataTransfer-Out-Bytes,events.unitedforpeace.org,"Jun 4, 2008 12:00 AM","Jun 5, 2008 12:00 AM",2054841
AmazonS3,GetObject,DataTransfer-Out-Bytes,events.radicaldesigns.org,"Jun 4, 2008 12:00 AM","Jun 5, 2008 12:00 AM",37979
AmazonS3,GetObject,DataTransfer-Out-Bytes,stepitup2007.org,"Jun 4, 2008 12:00 AM","Jun 5, 2008 12:00 AM",231174370
AmazonS3,GetObject,DataTransfer-Out-Bytes,corpwatch.org,"Jun 4, 2008 12:00 AM","Jun 5, 2008 12:00 AM",461915003
AmazonS3,GetObject,DataTransfer-Out-Bytes,everythingscool.org,"Jun 4, 2008 12:00 AM","Jun 5, 2008 12:00 AM",280783
AmazonS3,GetObject,DataTransfer-Out-Bytes,actions.energyactioncoalition.org,"Jun 4, 2008 12:00 AM","Jun 5, 2008 12:00 AM",871878
AmazonS3,GetObject,DataTransfer-Out-Bytes,events.catalogcutdown.org,"Jun 4, 2008 12:00 AM","Jun 5, 2008 12:00 AM",93602
AmazonS3,GetObject,DataTransfer-Out-Bytes,events.womenarts.org,"Jun 4, 2008 12:00 AM","Jun 5, 2008 12:00 AM",40267
AmazonS3,GetObject,DataTransfer-Out-Bytes,4b8545297362cfff9efe73a19b7c30d2-default,"Jun 4, 2008 12:00 AM","Jun 5, 2008 12:00 AM",29227
AmazonS3,ListAllMyBuckets,DataTransfer-Out-Bytes,,"Jun 4, 2008 12:00 AM","Jun 5, 2008 12:00 AM",3970
AmazonS3,ListBucket,DataTransfer-Out-Bytes,4b8545297362cfff9efe73a19b7c30d2-default,"Jun 4, 2008 12:00 AM","Jun 5, 2008 12:00 AM",40576
AmazonS3,UnknownAction,DataTransfer-Out-Bytes,codepink4peace.org,"Jun 4, 2008 12:00 AM","Jun 5, 2008 12:00 AM",13803
AmazonS3,GetObject,DataTransfer-Out-Bytes,notyoursoldier.org,"Jun 5, 2008 12:00 AM","Jun 6, 2008 12:00 AM",2495418973
AmazonS3,GetObject,DataTransfer-Out-Bytes,corpwatch.org,"Jun 5, 2008 12:00 AM","Jun 6, 2008 12:00 AM",473628689
AmazonS3,GetObject,DataTransfer-Out-Bytes,codepink4peace.org,"Jun 5, 2008 12:00 AM","Jun 6, 2008 12:00 AM",837527331
AmazonS3,GetObject,DataTransfer-Out-Bytes,stepitup2007.org,"Jun 5, 2008 12:00 AM","Jun 6, 2008 12:00 AM",192215419
AmazonS3,GetObject,DataTransfer-Out-Bytes,actions.energyactioncoalition.org,"Jun 5, 2008 12:00 AM","Jun 6, 2008 12:00 AM",640468
AmazonS3,GetObject,DataTransfer-Out-Bytes,seiuvoice.org,"Jun 5, 2008 12:00 AM","Jun 6, 2008 12:00 AM",281485989
AmazonS3,GetObject,DataTransfer-Out-Bytes,events.unitedforpeace.org,"Jun 5, 2008 12:00 AM","Jun 6, 2008 12:00 AM",1150375
AmazonS3,GetObject,DataTransfer-Out-Bytes,events.radicaldesigns.org,"Jun 5, 2008 12:00 AM","Jun 6, 2008 12:00 AM",1848
AmazonS3,GetObject,DataTransfer-Out-Bytes,actionecho.radicaldesigns.org,"Jun 5, 2008 12:00 AM","Jun 6, 2008 12:00 AM",3612945
AmazonS3,GetObject,DataTransfer-Out-Bytes,everythingscool.org,"Jun 5, 2008 12:00 AM","Jun 6, 2008 12:00 AM",221545
AmazonS3,GetObject,DataTransfer-Out-Bytes,events.momsrising.org,"Jun 5, 2008 12:00 AM","Jun 6, 2008 12:00 AM",3326550
AmazonS3,GetObject,DataTransfer-Out-Bytes,events.catalogcutdown.org,"Jun 5, 2008 12:00 AM","Jun 6, 2008 12:00 AM",46506
AmazonS3,GetObject,DataTransfer-Out-Bytes,events.womenarts.org,"Jun 5, 2008 12:00 AM","Jun 6, 2008 12:00 AM",508757
AmazonS3,GetObject,DataTransfer-Out-Bytes,4b8545297362cfff9efe73a19b7c30d2-default,"Jun 5, 2008 12:00 AM","Jun 6, 2008 12:00 AM",19939280
AmazonS3,HeadObject,DataTransfer-Out-Bytes,codepink4peace.org,"Jun 5, 2008 12:00 AM","Jun 6, 2008 12:00 AM",693
AmazonS3,HeadObject,DataTransfer-Out-Bytes,corpwatch.org,"Jun 5, 2008 12:00 AM","Jun 6, 2008 12:00 AM",231
AmazonS3,HeadObject,DataTransfer-Out-Bytes,4b8545297362cfff9efe73a19b7c30d2-default,"Jun 5, 2008 12:00 AM","Jun 6, 2008 12:00 AM",259290
AmazonS3,ListBucket,DataTransfer-Out-Bytes,events.unitedforpeace.org,"Jun 5, 2008 12:00 AM","Jun 6, 2008 12:00 AM",231
AmazonS3,ListBucket,DataTransfer-Out-Bytes,4b8545297362cfff9efe73a19b7c30d2-default,"Jun 5, 2008 12:00 AM","Jun 6, 2008 12:00 AM",110554
AmazonS3,UnknownAction,DataTransfer-Out-Bytes,codepink4peace.org,"Jun 5, 2008 12:00 AM","Jun 6, 2008 12:00 AM",19032
AmazonS3,UnknownAction,DataTransfer-Out-Bytes,seiuvoice.org,"Jun 5, 2008 12:00 AM","Jun 6, 2008 12:00 AM",6341
AmazonS3,UnknownAction,Requests-NoCharge,codepink4peace.org,"Jun 1, 2008 12:00 AM","Jun 2, 2008 12:00 AM",41
AmazonS3,UnknownAction,Requests-NoCharge,corpwatch.org,"Jun 1, 2008 12:00 AM","Jun 2, 2008 12:00 AM",1
AmazonS3,UnknownAction,Requests-NoCharge,codepink4peace.org,"Jun 2, 2008 12:00 AM","Jun 3, 2008 12:00 AM",44
AmazonS3,UnknownAction,Requests-NoCharge,corpwatch.org,"Jun 3, 2008 12:00 AM","Jun 4, 2008 12:00 AM",62
AmazonS3,UnknownAction,Requests-NoCharge,codepink4peace.org,"Jun 3, 2008 12:00 AM","Jun 4, 2008 12:00 AM",50
AmazonS3,DeleteObject,Requests-NoCharge,4b8545297362cfff9efe73a19b7c30d2-default,"Jun 4, 2008 12:00 AM","Jun 5, 2008 12:00 AM",2
AmazonS3,UnknownAction,Requests-NoCharge,codepink4peace.org,"Jun 4, 2008 12:00 AM","Jun 5, 2008 12:00 AM",37
AmazonS3,DeleteObject,Requests-NoCharge,4b8545297362cfff9efe73a19b7c30d2-default,"Jun 5, 2008 12:00 AM","Jun 6, 2008 12:00 AM",35
AmazonS3,UnknownAction,Requests-NoCharge,codepink4peace.org,"Jun 5, 2008 12:00 AM","Jun 6, 2008 12:00 AM",51
AmazonS3,UnknownAction,Requests-NoCharge,seiuvoice.org,"Jun 5, 2008 12:00 AM","Jun 6, 2008 12:00 AM",17
AmazonS3,ListBucket,Requests-Tier1,stepitup2007.org,"Jun 1, 2008 12:00 AM","Jun 2, 2008 12:00 AM",2
AmazonS3,PutObject,Requests-Tier1,actions.energyactioncoalition.org,"Jun 1, 2008 12:00 AM","Jun 2, 2008 12:00 AM",24
AmazonS3,PutObject,Requests-Tier1,seiuvoice.org,"Jun 1, 2008 12:00 AM","Jun 2, 2008 12:00 AM",19
AmazonS3,PutObject,Requests-Tier1,events.unitedforpeace.org,"Jun 1, 2008 12:00 AM","Jun 2, 2008 12:00 AM",48
AmazonS3,PutObject,Requests-Tier1,corpwatch.org,"Jun 1, 2008 12:00 AM","Jun 2, 2008 12:00 AM",15
AmazonS3,PutObject,Requests-Tier1,codepink4peace.org,"Jun 1, 2008 12:00 AM","Jun 2, 2008 12:00 AM",119
AmazonS3,PutObject,Requests-Tier1,events.womenarts.org,"Jun 1, 2008 12:00 AM","Jun 2, 2008 12:00 AM",24
AmazonS3,ListBucket,Requests-Tier1,4b8545297362cfff9efe73a19b7c30d2-default,"Jun 2, 2008 12:00 AM","Jun 3, 2008 12:00 AM",2
AmazonS3,ListBucket,Requests-Tier1,notyoursoldier.org,"Jun 2, 2008 12:00 AM","Jun 3, 2008 12:00 AM",1
AmazonS3,PutObject,Requests-Tier1,codepink4peace.org,"Jun 2, 2008 12:00 AM","Jun 3, 2008 12:00 AM",20
AmazonS3,PutObject,Requests-Tier1,actions.energyactioncoalition.org,"Jun 2, 2008 12:00 AM","Jun 3, 2008 12:00 AM",24
AmazonS3,PutObject,Requests-Tier1,events.unitedforpeace.org,"Jun 2, 2008 12:00 AM","Jun 3, 2008 12:00 AM",48
AmazonS3,PutObject,Requests-Tier1,seiuvoice.org,"Jun 2, 2008 12:00 AM","Jun 3, 2008 12:00 AM",31
AmazonS3,PutObject,Requests-Tier1,events.radicaldesigns.org,"Jun 2, 2008 12:00 AM","Jun 3, 2008 12:00 AM",4
AmazonS3,ListAllMyBuckets,Requests-Tier1,,"Jun 3, 2008 12:00 AM","Jun 4, 2008 12:00 AM",2
AmazonS3,ListBucket,Requests-Tier1,corpwatch.org,"Jun 3, 2008 12:00 AM","Jun 4, 2008 12:00 AM",1
AmazonS3,ListBucket,Requests-Tier1,4b8545297362cfff9efe73a19b7c30d2-default,"Jun 3, 2008 12:00 AM","Jun 4, 2008 12:00 AM",5
AmazonS3,PutObject,Requests-Tier1,codepink4peace.org,"Jun 3, 2008 12:00 AM","Jun 4, 2008 12:00 AM",7
AmazonS3,PutObject,Requests-Tier1,events.womenarts.org,"Jun 3, 2008 12:00 AM","Jun 4, 2008 12:00 AM",24
AmazonS3,PutObject,Requests-Tier1,actions.energyactioncoalition.org,"Jun 3, 2008 12:00 AM","Jun 4, 2008 12:00 AM",48
AmazonS3,PutObject,Requests-Tier1,events.unitedforpeace.org,"Jun 3, 2008 12:00 AM","Jun 4, 2008 12:00 AM",24
AmazonS3,PutObject,Requests-Tier1,4b8545297362cfff9efe73a19b7c30d2-default,"Jun 3, 2008 12:00 AM","Jun 4, 2008 12:00 AM",24
AmazonS3,PutObject,Requests-Tier1,seiuvoice.org,"Jun 3, 2008 12:00 AM","Jun 4, 2008 12:00 AM",11
AmazonS3,ListAllMyBuckets,Requests-Tier1,,"Jun 4, 2008 12:00 AM","Jun 5, 2008 12:00 AM",1
AmazonS3,ListBucket,Requests-Tier1,4b8545297362cfff9efe73a19b7c30d2-default,"Jun 4, 2008 12:00 AM","Jun 5, 2008 12:00 AM",4
AmazonS3,PutObject,Requests-Tier1,codepink4peace.org,"Jun 4, 2008 12:00 AM","Jun 5, 2008 12:00 AM",54
AmazonS3,PutObject,Requests-Tier1,seiuvoice.org,"Jun 4, 2008 12:00 AM","Jun 5, 2008 12:00 AM",6
AmazonS3,PutObject,Requests-Tier1,unitedforpeace.org,"Jun 4, 2008 12:00 AM","Jun 5, 2008 12:00 AM",5
AmazonS3,PutObject,Requests-Tier1,4b8545297362cfff9efe73a19b7c30d2-default,"Jun 4, 2008 12:00 AM","Jun 5, 2008 12:00 AM",6
AmazonS3,ListBucket,Requests-Tier1,events.unitedforpeace.org,"Jun 5, 2008 12:00 AM","Jun 6, 2008 12:00 AM",1
AmazonS3,ListBucket,Requests-Tier1,4b8545297362cfff9efe73a19b7c30d2-default,"Jun 5, 2008 12:00 AM","Jun 6, 2008 12:00 AM",61
AmazonS3,PutObject,Requests-Tier1,codepink4peace.org,"Jun 5, 2008 12:00 AM","Jun 6, 2008 12:00 AM",38
AmazonS3,PutObject,Requests-Tier1,unitedforpeace.org,"Jun 5, 2008 12:00 AM","Jun 6, 2008 12:00 AM",1
AmazonS3,PutObject,Requests-Tier1,events.womenarts.org,"Jun 5, 2008 12:00 AM","Jun 6, 2008 12:00 AM",4
AmazonS3,PutObject,Requests-Tier1,4b8545297362cfff9efe73a19b7c30d2-default,"Jun 5, 2008 12:00 AM","Jun 6, 2008 12:00 AM",249
AmazonS3,PutObject,Requests-Tier1,corpwatch.org,"Jun 5, 2008 12:00 AM","Jun 6, 2008 12:00 AM",5
AmazonS3,GetObject,Requests-Tier2,actions.energyactioncoalition.org,"Jun 1, 2008 12:00 AM","Jun 2, 2008 12:00 AM",28
AmazonS3,GetObject,Requests-Tier2,seiuvoice.org,"Jun 1, 2008 12:00 AM","Jun 2, 2008 12:00 AM",64115
AmazonS3,GetObject,Requests-Tier2,notyoursoldier.org,"Jun 1, 2008 12:00 AM","Jun 2, 2008 12:00 AM",595
AmazonS3,GetObject,Requests-Tier2,corpwatch.org,"Jun 1, 2008 12:00 AM","Jun 2, 2008 12:00 AM",99849
AmazonS3,GetObject,Requests-Tier2,codepink4peace.org,"Jun 1, 2008 12:00 AM","Jun 2, 2008 12:00 AM",58706
AmazonS3,GetObject,Requests-Tier2,stepitup2007.org,"Jun 1, 2008 12:00 AM","Jun 2, 2008 12:00 AM",9114
AmazonS3,GetObject,Requests-Tier2,events.unitedforpeace.org,"Jun 1, 2008 12:00 AM","Jun 2, 2008 12:00 AM",55
AmazonS3,GetObject,Requests-Tier2,events.momsrising.org,"Jun 1, 2008 12:00 AM","Jun 2, 2008 12:00 AM",30
AmazonS3,GetObject,Requests-Tier2,events.radicaldesigns.org,"Jun 1, 2008 12:00 AM","Jun 2, 2008 12:00 AM",3
AmazonS3,GetObject,Requests-Tier2,events.catalogcutdown.org,"Jun 1, 2008 12:00 AM","Jun 2, 2008 12:00 AM",12
AmazonS3,GetObject,Requests-Tier2,actionecho.radicaldesigns.org,"Jun 1, 2008 12:00 AM","Jun 2, 2008 12:00 AM",10
AmazonS3,GetObject,Requests-Tier2,everythingscool.org,"Jun 1, 2008 12:00 AM","Jun 2, 2008 12:00 AM",4
AmazonS3,GetObject,Requests-Tier2,events.womenarts.org,"Jun 1, 2008 12:00 AM","Jun 2, 2008 12:00 AM",6
AmazonS3,HeadObject,Requests-Tier2,codepink4peace.org,"Jun 1, 2008 12:00 AM","Jun 2, 2008 12:00 AM",65
AmazonS3,HeadObject,Requests-Tier2,seiuvoice.org,"Jun 1, 2008 12:00 AM","Jun 2, 2008 12:00 AM",37
AmazonS3,HeadObject,Requests-Tier2,notyoursoldier.org,"Jun 1, 2008 12:00 AM","Jun 2, 2008 12:00 AM",4
AmazonS3,HeadObject,Requests-Tier2,corpwatch.org,"Jun 1, 2008 12:00 AM","Jun 2, 2008 12:00 AM",6
AmazonS3,HeadObject,Requests-Tier2,4b8545297362cfff9efe73a19b7c30d2-default,"Jun 1, 2008 12:00 AM","Jun 2, 2008 12:00 AM",2
AmazonS3,GetObject,Requests-Tier2,events.unitedforpeace.org,"Jun 2, 2008 12:00 AM","Jun 3, 2008 12:00 AM",70
AmazonS3,GetObject,Requests-Tier2,corpwatch.org,"Jun 2, 2008 12:00 AM","Jun 3, 2008 12:00 AM",146983
AmazonS3,GetObject,Requests-Tier2,stepitup2007.org,"Jun 2, 2008 12:00 AM","Jun 3, 2008 12:00 AM",18607
AmazonS3,GetObject,Requests-Tier2,codepink4peace.org,"Jun 2, 2008 12:00 AM","Jun 3, 2008 12:00 AM",79423
AmazonS3,GetObject,Requests-Tier2,seiuvoice.org,"Jun 2, 2008 12:00 AM","Jun 3, 2008 12:00 AM",97957
AmazonS3,GetObject,Requests-Tier2,actions.energyactioncoalition.org,"Jun 2, 2008 12:00 AM","Jun 3, 2008 12:00 AM",34
AmazonS3,GetObject,Requests-Tier2,notyoursoldier.org,"Jun 2, 2008 12:00 AM","Jun 3, 2008 12:00 AM",696
AmazonS3,GetObject,Requests-Tier2,everythingscool.org,"Jun 2, 2008 12:00 AM","Jun 3, 2008 12:00 AM",3
AmazonS3,GetObject,Requests-Tier2,actionecho.radicaldesigns.org,"Jun 2, 2008 12:00 AM","Jun 3, 2008 12:00 AM",79
AmazonS3,GetObject,Requests-Tier2,events.catalogcutdown.org,"Jun 2, 2008 12:00 AM","Jun 3, 2008 12:00 AM",7
AmazonS3,GetObject,Requests-Tier2,events.momsrising.org,"Jun 2, 2008 12:00 AM","Jun 3, 2008 12:00 AM",25
AmazonS3,GetObject,Requests-Tier2,unitedforpeace.org,"Jun 2, 2008 12:00 AM","Jun 3, 2008 12:00 AM",1
AmazonS3,GetObject,Requests-Tier2,events.radicaldesigns.org,"Jun 2, 2008 12:00 AM","Jun 3, 2008 12:00 AM",1
AmazonS3,HeadObject,Requests-Tier2,corpwatch.org,"Jun 2, 2008 12:00 AM","Jun 3, 2008 12:00 AM",8
AmazonS3,HeadObject,Requests-Tier2,codepink4peace.org,"Jun 2, 2008 12:00 AM","Jun 3, 2008 12:00 AM",27
AmazonS3,HeadObject,Requests-Tier2,seiuvoice.org,"Jun 2, 2008 12:00 AM","Jun 3, 2008 12:00 AM",29
AmazonS3,HeadObject,Requests-Tier2,notyoursoldier.org,"Jun 2, 2008 12:00 AM","Jun 3, 2008 12:00 AM",4
AmazonS3,HeadObject,Requests-Tier2,4b8545297362cfff9efe73a19b7c30d2-default,"Jun 2, 2008 12:00 AM","Jun 3, 2008 12:00 AM",50
AmazonS3,GetObject,Requests-Tier2,events.momsrising.org,"Jun 3, 2008 12:00 AM","Jun 4, 2008 12:00 AM",19
AmazonS3,GetObject,Requests-Tier2,corpwatch.org,"Jun 3, 2008 12:00 AM","Jun 4, 2008 12:00 AM",149195
AmazonS3,GetObject,Requests-Tier2,stepitup2007.org,"Jun 3, 2008 12:00 AM","Jun 4, 2008 12:00 AM",16359
AmazonS3,GetObject,Requests-Tier2,codepink4peace.org,"Jun 3, 2008 12:00 AM","Jun 4, 2008 12:00 AM",83560
AmazonS3,GetObject,Requests-Tier2,seiuvoice.org,"Jun 3, 2008 12:00 AM","Jun 4, 2008 12:00 AM",100222
AmazonS3,GetObject,Requests-Tier2,notyoursoldier.org,"Jun 3, 2008 12:00 AM","Jun 4, 2008 12:00 AM",943
AmazonS3,GetObject,Requests-Tier2,events.unitedforpeace.org,"Jun 3, 2008 12:00 AM","Jun 4, 2008 12:00 AM",138
AmazonS3,GetObject,Requests-Tier2,events.catalogcutdown.org,"Jun 3, 2008 12:00 AM","Jun 4, 2008 12:00 AM",45
AmazonS3,GetObject,Requests-Tier2,actions.energyactioncoalition.org,"Jun 3, 2008 12:00 AM","Jun 4, 2008 12:00 AM",56
AmazonS3,GetObject,Requests-Tier2,everythingscool.org,"Jun 3, 2008 12:00 AM","Jun 4, 2008 12:00 AM",5
AmazonS3,GetObject,Requests-Tier2,events.womenarts.org,"Jun 3, 2008 12:00 AM","Jun 4, 2008 12:00 AM",16
AmazonS3,GetObject,Requests-Tier2,unitedforpeace.org,"Jun 3, 2008 12:00 AM","Jun 4, 2008 12:00 AM",1
AmazonS3,GetObject,Requests-Tier2,events.radicaldesigns.org,"Jun 3, 2008 12:00 AM","Jun 4, 2008 12:00 AM",4
AmazonS3,GetObject,Requests-Tier2,actionecho.radicaldesigns.org,"Jun 3, 2008 12:00 AM","Jun 4, 2008 12:00 AM",31
AmazonS3,GetObject,Requests-Tier2,4b8545297362cfff9efe73a19b7c30d2-default,"Jun 3, 2008 12:00 AM","Jun 4, 2008 12:00 AM",21
AmazonS3,HeadObject,Requests-Tier2,corpwatch.org,"Jun 3, 2008 12:00 AM","Jun 4, 2008 12:00 AM",68
AmazonS3,HeadObject,Requests-Tier2,4b8545297362cfff9efe73a19b7c30d2-default,"Jun 3, 2008 12:00 AM","Jun 4, 2008 12:00 AM",125
AmazonS3,HeadObject,Requests-Tier2,events.unitedforpeace.org,"Jun 3, 2008 12:00 AM","Jun 4, 2008 12:00 AM",1
AmazonS3,HeadObject,Requests-Tier2,codepink4peace.org,"Jun 3, 2008 12:00 AM","Jun 4, 2008 12:00 AM",32
AmazonS3,HeadObject,Requests-Tier2,seiuvoice.org,"Jun 3, 2008 12:00 AM","Jun 4, 2008 12:00 AM",34
AmazonS3,HeadObject,Requests-Tier2,stepitup2007.org,"Jun 3, 2008 12:00 AM","Jun 4, 2008 12:00 AM",1
AmazonS3,HeadObject,Requests-Tier2,notyoursoldier.org,"Jun 3, 2008 12:00 AM","Jun 4, 2008 12:00 AM",1
AmazonS3,GetObject,Requests-Tier2,events.radicaldesigns.org,"Jun 4, 2008 12:00 AM","Jun 5, 2008 12:00 AM",18
AmazonS3,GetObject,Requests-Tier2,stepitup2007.org,"Jun 4, 2008 12:00 AM","Jun 5, 2008 12:00 AM",15772
AmazonS3,GetObject,Requests-Tier2,corpwatch.org,"Jun 4, 2008 12:00 AM","Jun 5, 2008 12:00 AM",142077
AmazonS3,GetObject,Requests-Tier2,seiuvoice.org,"Jun 4, 2008 12:00 AM","Jun 5, 2008 12:00 AM",92646
AmazonS3,GetObject,Requests-Tier2,codepink4peace.org,"Jun 4, 2008 12:00 AM","Jun 5, 2008 12:00 AM",81930
AmazonS3,GetObject,Requests-Tier2,notyoursoldier.org,"Jun 4, 2008 12:00 AM","Jun 5, 2008 12:00 AM",881
AmazonS3,GetObject,Requests-Tier2,actionecho.radicaldesigns.org,"Jun 4, 2008 12:00 AM","Jun 5, 2008 12:00 AM",4
AmazonS3,GetObject,Requests-Tier2,events.unitedforpeace.org,"Jun 4, 2008 12:00 AM","Jun 5, 2008 12:00 AM",86
AmazonS3,GetObject,Requests-Tier2,everythingscool.org,"Jun 4, 2008 12:00 AM","Jun 5, 2008 12:00 AM",11
AmazonS3,GetObject,Requests-Tier2,events.momsrising.org,"Jun 4, 2008 12:00 AM","Jun 5, 2008 12:00 AM",3
AmazonS3,GetObject,Requests-Tier2,actions.energyactioncoalition.org,"Jun 4, 2008 12:00 AM","Jun 5, 2008 12:00 AM",28
AmazonS3,GetObject,Requests-Tier2,events.catalogcutdown.org,"Jun 4, 2008 12:00 AM","Jun 5, 2008 12:00 AM",13
AmazonS3,GetObject,Requests-Tier2,events.womenarts.org,"Jun 4, 2008 12:00 AM","Jun 5, 2008 12:00 AM",1
AmazonS3,GetObject,Requests-Tier2,4b8545297362cfff9efe73a19b7c30d2-default,"Jun 4, 2008 12:00 AM","Jun 5, 2008 12:00 AM",5
AmazonS3,HeadObject,Requests-Tier2,4b8545297362cfff9efe73a19b7c30d2-default,"Jun 4, 2008 12:00 AM","Jun 5, 2008 12:00 AM",41
AmazonS3,HeadObject,Requests-Tier2,codepink4peace.org,"Jun 4, 2008 12:00 AM","Jun 5, 2008 12:00 AM",29
AmazonS3,HeadObject,Requests-Tier2,seiuvoice.org,"Jun 4, 2008 12:00 AM","Jun 5, 2008 12:00 AM",115
AmazonS3,HeadObject,Requests-Tier2,corpwatch.org,"Jun 4, 2008 12:00 AM","Jun 5, 2008 12:00 AM",29
AmazonS3,HeadObject,Requests-Tier2,notyoursoldier.org,"Jun 4, 2008 12:00 AM","Jun 5, 2008 12:00 AM",4
AmazonS3,HeadObject,Requests-Tier2,stepitup2007.org,"Jun 4, 2008 12:00 AM","Jun 5, 2008 12:00 AM",5
AmazonS3,GetObject,Requests-Tier2,corpwatch.org,"Jun 5, 2008 12:00 AM","Jun 6, 2008 12:00 AM",141845
AmazonS3,GetObject,Requests-Tier2,stepitup2007.org,"Jun 5, 2008 12:00 AM","Jun 6, 2008 12:00 AM",14337
AmazonS3,GetObject,Requests-Tier2,codepink4peace.org,"Jun 5, 2008 12:00 AM","Jun 6, 2008 12:00 AM",78091
AmazonS3,GetObject,Requests-Tier2,seiuvoice.org,"Jun 5, 2008 12:00 AM","Jun 6, 2008 12:00 AM",72280
AmazonS3,GetObject,Requests-Tier2,actions.energyactioncoalition.org,"Jun 5, 2008 12:00 AM","Jun 6, 2008 12:00 AM",24
AmazonS3,GetObject,Requests-Tier2,notyoursoldier.org,"Jun 5, 2008 12:00 AM","Jun 6, 2008 12:00 AM",833
AmazonS3,GetObject,Requests-Tier2,events.unitedforpeace.org,"Jun 5, 2008 12:00 AM","Jun 6, 2008 12:00 AM",90
AmazonS3,GetObject,Requests-Tier2,events.radicaldesigns.org,"Jun 5, 2008 12:00 AM","Jun 6, 2008 12:00 AM",8
AmazonS3,GetObject,Requests-Tier2,events.catalogcutdown.org,"Jun 5, 2008 12:00 AM","Jun 6, 2008 12:00 AM",14
AmazonS3,GetObject,Requests-Tier2,actionecho.radicaldesigns.org,"Jun 5, 2008 12:00 AM","Jun 6, 2008 12:00 AM",21
AmazonS3,GetObject,Requests-Tier2,everythingscool.org,"Jun 5, 2008 12:00 AM","Jun 6, 2008 12:00 AM",6
AmazonS3,GetObject,Requests-Tier2,events.momsrising.org,"Jun 5, 2008 12:00 AM","Jun 6, 2008 12:00 AM",47
AmazonS3,GetObject,Requests-Tier2,unitedforpeace.org,"Jun 5, 2008 12:00 AM","Jun 6, 2008 12:00 AM",1
AmazonS3,GetObject,Requests-Tier2,events.womenarts.org,"Jun 5, 2008 12:00 AM","Jun 6, 2008 12:00 AM",5
AmazonS3,GetObject,Requests-Tier2,4b8545297362cfff9efe73a19b7c30d2-default,"Jun 5, 2008 12:00 AM","Jun 6, 2008 12:00 AM",57
AmazonS3,HeadObject,Requests-Tier2,4b8545297362cfff9efe73a19b7c30d2-default,"Jun 5, 2008 12:00 AM","Jun 6, 2008 12:00 AM",1259
AmazonS3,HeadObject,Requests-Tier2,seiuvoice.org,"Jun 5, 2008 12:00 AM","Jun 6, 2008 12:00 AM",40
AmazonS3,HeadObject,Requests-Tier2,notyoursoldier.org,"Jun 5, 2008 12:00 AM","Jun 6, 2008 12:00 AM",3
AmazonS3,HeadObject,Requests-Tier2,corpwatch.org,"Jun 5, 2008 12:00 AM","Jun 6, 2008 12:00 AM",6
AmazonS3,HeadObject,Requests-Tier2,codepink4peace.org,"Jun 5, 2008 12:00 AM","Jun 6, 2008 12:00 AM",31
AmazonS3,HeadObject,Requests-Tier2,events.unitedforpeace.org,"Jun 5, 2008 12:00 AM","Jun 6, 2008 12:00 AM",1
AmazonS3,HeadObject,Requests-Tier2,stepitup2007.org,"Jun 5, 2008 12:00 AM","Jun 6, 2008 12:00 AM",3
AmazonS3,StandardStorage,TimedStorage-ByteHrs,seiuvoice.org,"Jun 1, 2008 12:00 AM","Jun 2, 2008 12:00 AM",2007178392
AmazonS3,StandardStorage,TimedStorage-ByteHrs,radicaldesigns,"Jun 1, 2008 12:00 AM","Jun 2, 2008 12:00 AM",293224968
AmazonS3,StandardStorage,TimedStorage-ByteHrs,everythingscool.org,"Jun 1, 2008 12:00 AM","Jun 2, 2008 12:00 AM",383188824
AmazonS3,StandardStorage,TimedStorage-ByteHrs,events.catalogcutdown.org,"Jun 1, 2008 12:00 AM","Jun 2, 2008 12:00 AM",833248848
AmazonS3,StandardStorage,TimedStorage-ByteHrs,actions.energyactioncoalition.org,"Jun 1, 2008 12:00 AM","Jun 2, 2008 12:00 AM",1218010584
AmazonS3,StandardStorage,TimedStorage-ByteHrs,radicaldesignsdebian,"Jun 1, 2008 12:00 AM","Jun 2, 2008 12:00 AM",3365081280
AmazonS3,StandardStorage,TimedStorage-ByteHrs,quarantinewalmart.com,"Jun 1, 2008 12:00 AM","Jun 2, 2008 12:00 AM",182990352
AmazonS3,StandardStorage,TimedStorage-ByteHrs,events.womenarts.org,"Jun 1, 2008 12:00 AM","Jun 2, 2008 12:00 AM",1817124096
AmazonS3,StandardStorage,TimedStorage-ByteHrs,echoaction.radicaldesigns.org,"Jun 1, 2008 12:00 AM","Jun 2, 2008 12:00 AM",37073736
AmazonS3,StandardStorage,TimedStorage-ByteHrs,actionecho.radicaldesigns.org,"Jun 1, 2008 12:00 AM","Jun 2, 2008 12:00 AM",582006720
AmazonS3,StandardStorage,TimedStorage-ByteHrs,unitedforpeace.org,"Jun 1, 2008 12:00 AM","Jun 2, 2008 12:00 AM",7100186088
AmazonS3,StandardStorage,TimedStorage-ByteHrs,radicaldesigns_debian_production,"Jun 1, 2008 12:00 AM","Jun 2, 2008 12:00 AM",4326464016
AmazonS3,StandardStorage,TimedStorage-ByteHrs,notyoursoldier.org,"Jun 1, 2008 12:00 AM","Jun 2, 2008 12:00 AM",307826496
AmazonS3,StandardStorage,TimedStorage-ByteHrs,events.unitedforpeace.org,"Jun 1, 2008 12:00 AM","Jun 2, 2008 12:00 AM",4160486688
AmazonS3,StandardStorage,TimedStorage-ByteHrs,corpwatch.org,"Jun 1, 2008 12:00 AM","Jun 2, 2008 12:00 AM",6285846984
AmazonS3,StandardStorage,TimedStorage-ByteHrs,4b8545297362cfff9efe73a19b7c30d2-default,"Jun 1, 2008 12:00 AM","Jun 2, 2008 12:00 AM",3.12952E+11
AmazonS3,StandardStorage,TimedStorage-ByteHrs,thankyoult.org,"Jun 1, 2008 12:00 AM","Jun 2, 2008 12:00 AM",9281973288
AmazonS3,StandardStorage,TimedStorage-ByteHrs,radicaldesignsSTEPITUP,"Jun 1, 2008 12:00 AM","Jun 2, 2008 12:00 AM",16015277688
AmazonS3,StandardStorage,TimedStorage-ByteHrs,greenchange.phoneinreport,"Jun 1, 2008 12:00 AM","Jun 2, 2008 12:00 AM",2799912
AmazonS3,StandardStorage,TimedStorage-ByteHrs,events.radicaldesigns.org,"Jun 1, 2008 12:00 AM","Jun 2, 2008 12:00 AM",893215872
AmazonS3,StandardStorage,TimedStorage-ByteHrs,codepink4peace.org,"Jun 1, 2008 12:00 AM","Jun 2, 2008 12:00 AM",45903615336
AmazonS3,StandardStorage,TimedStorage-ByteHrs,stepitup2007.org,"Jun 1, 2008 12:00 AM","Jun 2, 2008 12:00 AM",1.45343E+11
AmazonS3,StandardStorage,TimedStorage-ByteHrs,radicaldesigns.org,"Jun 1, 2008 12:00 AM","Jun 2, 2008 12:00 AM",948704688
AmazonS3,StandardStorage,TimedStorage-ByteHrs,greenchange.ea.zheng.radicaldesigns.org,"Jun 1, 2008 12:00 AM","Jun 2, 2008 12:00 AM",4760112
AmazonS3,StandardStorage,TimedStorage-ByteHrs,events.momsrising.org,"Jun 1, 2008 12:00 AM","Jun 2, 2008 12:00 AM",1364628240
AmazonS3,StandardStorage,TimedStorage-ByteHrs,amp-stepitup,"Jun 1, 2008 12:00 AM","Jun 2, 2008 12:00 AM",25090860096
AmazonS3,StandardStorage,TimedStorage-ByteHrs,thankyoult.org,"Jun 2, 2008 12:00 AM","Jun 3, 2008 12:00 AM",9281973288
AmazonS3,StandardStorage,TimedStorage-ByteHrs,radicaldesignsSTEPITUP,"Jun 2, 2008 12:00 AM","Jun 3, 2008 12:00 AM",16015277688
AmazonS3,StandardStorage,TimedStorage-ByteHrs,greenchange.phoneinreport,"Jun 2, 2008 12:00 AM","Jun 3, 2008 12:00 AM",2799912
AmazonS3,StandardStorage,TimedStorage-ByteHrs,events.radicaldesigns.org,"Jun 2, 2008 12:00 AM","Jun 3, 2008 12:00 AM",893215872
AmazonS3,StandardStorage,TimedStorage-ByteHrs,codepink4peace.org,"Jun 2, 2008 12:00 AM","Jun 3, 2008 12:00 AM",45916516992
AmazonS3,StandardStorage,TimedStorage-ByteHrs,stepitup2007.org,"Jun 2, 2008 12:00 AM","Jun 3, 2008 12:00 AM",1.45343E+11
AmazonS3,StandardStorage,TimedStorage-ByteHrs,radicaldesigns.org,"Jun 2, 2008 12:00 AM","Jun 3, 2008 12:00 AM",948704688
AmazonS3,StandardStorage,TimedStorage-ByteHrs,greenchange.ea.zheng.radicaldesigns.org,"Jun 2, 2008 12:00 AM","Jun 3, 2008 12:00 AM",4760112
AmazonS3,StandardStorage,TimedStorage-ByteHrs,events.momsrising.org,"Jun 2, 2008 12:00 AM","Jun 3, 2008 12:00 AM",1364628240
AmazonS3,StandardStorage,TimedStorage-ByteHrs,amp-stepitup,"Jun 2, 2008 12:00 AM","Jun 3, 2008 12:00 AM",25090860096
AmazonS3,StandardStorage,TimedStorage-ByteHrs,seiuvoice.org,"Jun 2, 2008 12:00 AM","Jun 3, 2008 12:00 AM",2009750832
AmazonS3,StandardStorage,TimedStorage-ByteHrs,radicaldesigns,"Jun 2, 2008 12:00 AM","Jun 3, 2008 12:00 AM",293224968
AmazonS3,StandardStorage,TimedStorage-ByteHrs,everythingscool.org,"Jun 2, 2008 12:00 AM","Jun 3, 2008 12:00 AM",383188824
AmazonS3,StandardStorage,TimedStorage-ByteHrs,events.catalogcutdown.org,"Jun 2, 2008 12:00 AM","Jun 3, 2008 12:00 AM",833248848
AmazonS3,StandardStorage,TimedStorage-ByteHrs,actions.energyactioncoalition.org,"Jun 2, 2008 12:00 AM","Jun 3, 2008 12:00 AM",1218010584
AmazonS3,StandardStorage,TimedStorage-ByteHrs,radicaldesignsdebian,"Jun 2, 2008 12:00 AM","Jun 3, 2008 12:00 AM",3365081280
AmazonS3,StandardStorage,TimedStorage-ByteHrs,quarantinewalmart.com,"Jun 2, 2008 12:00 AM","Jun 3, 2008 12:00 AM",182990352
AmazonS3,StandardStorage,TimedStorage-ByteHrs,events.womenarts.org,"Jun 2, 2008 12:00 AM","Jun 3, 2008 12:00 AM",1817260320
AmazonS3,StandardStorage,TimedStorage-ByteHrs,echoaction.radicaldesigns.org,"Jun 2, 2008 12:00 AM","Jun 3, 2008 12:00 AM",37073736
AmazonS3,StandardStorage,TimedStorage-ByteHrs,actionecho.radicaldesigns.org,"Jun 2, 2008 12:00 AM","Jun 3, 2008 12:00 AM",582006720
AmazonS3,StandardStorage,TimedStorage-ByteHrs,unitedforpeace.org,"Jun 2, 2008 12:00 AM","Jun 3, 2008 12:00 AM",7100186088
AmazonS3,StandardStorage,TimedStorage-ByteHrs,radicaldesigns_debian_production,"Jun 2, 2008 12:00 AM","Jun 3, 2008 12:00 AM",4326464016
AmazonS3,StandardStorage,TimedStorage-ByteHrs,notyoursoldier.org,"Jun 2, 2008 12:00 AM","Jun 3, 2008 12:00 AM",307826496
AmazonS3,StandardStorage,TimedStorage-ByteHrs,events.unitedforpeace.org,"Jun 2, 2008 12:00 AM","Jun 3, 2008 12:00 AM",4160625792
AmazonS3,StandardStorage,TimedStorage-ByteHrs,corpwatch.org,"Jun 2, 2008 12:00 AM","Jun 3, 2008 12:00 AM",6285846984
AmazonS3,StandardStorage,TimedStorage-ByteHrs,4b8545297362cfff9efe73a19b7c30d2-default,"Jun 2, 2008 12:00 AM","Jun 3, 2008 12:00 AM",3.12952E+11
AmazonS3,StandardStorage,TimedStorage-ByteHrs,corpwatch.org,"Jun 3, 2008 12:00 AM","Jun 4, 2008 12:00 AM",6285846984
AmazonS3,StandardStorage,TimedStorage-ByteHrs,4b8545297362cfff9efe73a19b7c30d2-default,"Jun 3, 2008 12:00 AM","Jun 4, 2008 12:00 AM",3.12952E+11
AmazonS3,StandardStorage,TimedStorage-ByteHrs,thankyoult.org,"Jun 3, 2008 12:00 AM","Jun 4, 2008 12:00 AM",9281973288
AmazonS3,StandardStorage,TimedStorage-ByteHrs,radicaldesignsSTEPITUP,"Jun 3, 2008 12:00 AM","Jun 4, 2008 12:00 AM",16015277688
AmazonS3,StandardStorage,TimedStorage-ByteHrs,greenchange.phoneinreport,"Jun 3, 2008 12:00 AM","Jun 4, 2008 12:00 AM",2799912
AmazonS3,StandardStorage,TimedStorage-ByteHrs,events.radicaldesigns.org,"Jun 3, 2008 12:00 AM","Jun 4, 2008 12:00 AM",893892744
AmazonS3,StandardStorage,TimedStorage-ByteHrs,codepink4peace.org,"Jun 3, 2008 12:00 AM","Jun 4, 2008 12:00 AM",45918824040
AmazonS3,StandardStorage,TimedStorage-ByteHrs,stepitup2007.org,"Jun 3, 2008 12:00 AM","Jun 4, 2008 12:00 AM",1.45343E+11
AmazonS3,StandardStorage,TimedStorage-ByteHrs,radicaldesigns.org,"Jun 3, 2008 12:00 AM","Jun 4, 2008 12:00 AM",948704688
AmazonS3,StandardStorage,TimedStorage-ByteHrs,greenchange.ea.zheng.radicaldesigns.org,"Jun 3, 2008 12:00 AM","Jun 4, 2008 12:00 AM",4760112
AmazonS3,StandardStorage,TimedStorage-ByteHrs,events.momsrising.org,"Jun 3, 2008 12:00 AM","Jun 4, 2008 12:00 AM",1364628240
AmazonS3,StandardStorage,TimedStorage-ByteHrs,amp-stepitup,"Jun 3, 2008 12:00 AM","Jun 4, 2008 12:00 AM",25090860096
AmazonS3,StandardStorage,TimedStorage-ByteHrs,seiuvoice.org,"Jun 3, 2008 12:00 AM","Jun 4, 2008 12:00 AM",2021278176
AmazonS3,StandardStorage,TimedStorage-ByteHrs,radicaldesigns,"Jun 3, 2008 12:00 AM","Jun 4, 2008 12:00 AM",293224968
AmazonS3,StandardStorage,TimedStorage-ByteHrs,everythingscool.org,"Jun 3, 2008 12:00 AM","Jun 4, 2008 12:00 AM",383188824
AmazonS3,StandardStorage,TimedStorage-ByteHrs,events.catalogcutdown.org,"Jun 3, 2008 12:00 AM","Jun 4, 2008 12:00 AM",833248848
AmazonS3,StandardStorage,TimedStorage-ByteHrs,actions.energyactioncoalition.org,"Jun 3, 2008 12:00 AM","Jun 4, 2008 12:00 AM",1218154296
AmazonS3,StandardStorage,TimedStorage-ByteHrs,radicaldesignsdebian,"Jun 3, 2008 12:00 AM","Jun 4, 2008 12:00 AM",3365081280
AmazonS3,StandardStorage,TimedStorage-ByteHrs,quarantinewalmart.com,"Jun 3, 2008 12:00 AM","Jun 4, 2008 12:00 AM",182990352
AmazonS3,StandardStorage,TimedStorage-ByteHrs,events.womenarts.org,"Jun 3, 2008 12:00 AM","Jun 4, 2008 12:00 AM",1817260320
AmazonS3,StandardStorage,TimedStorage-ByteHrs,echoaction.radicaldesigns.org,"Jun 3, 2008 12:00 AM","Jun 4, 2008 12:00 AM",37073736
AmazonS3,StandardStorage,TimedStorage-ByteHrs,actionecho.radicaldesigns.org,"Jun 3, 2008 12:00 AM","Jun 4, 2008 12:00 AM",582006720
AmazonS3,StandardStorage,TimedStorage-ByteHrs,unitedforpeace.org,"Jun 3, 2008 12:00 AM","Jun 4, 2008 12:00 AM",7100186088
AmazonS3,StandardStorage,TimedStorage-ByteHrs,radicaldesigns_debian_production,"Jun 3, 2008 12:00 AM","Jun 4, 2008 12:00 AM",4326464016
AmazonS3,StandardStorage,TimedStorage-ByteHrs,notyoursoldier.org,"Jun 3, 2008 12:00 AM","Jun 4, 2008 12:00 AM",307826496
AmazonS3,StandardStorage,TimedStorage-ByteHrs,events.unitedforpeace.org,"Jun 3, 2008 12:00 AM","Jun 4, 2008 12:00 AM",4160904000
AmazonS3,StandardStorage,TimedStorage-ByteHrs,stepitup2007.org,"Jun 4, 2008 12:00 AM","Jun 5, 2008 12:00 AM",1.45343E+11
AmazonS3,StandardStorage,TimedStorage-ByteHrs,radicaldesigns.org,"Jun 4, 2008 12:00 AM","Jun 5, 2008 12:00 AM",948704688
AmazonS3,StandardStorage,TimedStorage-ByteHrs,greenchange.ea.zheng.radicaldesigns.org,"Jun 4, 2008 12:00 AM","Jun 5, 2008 12:00 AM",4760112
AmazonS3,StandardStorage,TimedStorage-ByteHrs,events.momsrising.org,"Jun 4, 2008 12:00 AM","Jun 5, 2008 12:00 AM",1364628240
AmazonS3,StandardStorage,TimedStorage-ByteHrs,amp-stepitup,"Jun 4, 2008 12:00 AM","Jun 5, 2008 12:00 AM",25090860096
AmazonS3,StandardStorage,TimedStorage-ByteHrs,seiuvoice.org,"Jun 4, 2008 12:00 AM","Jun 5, 2008 12:00 AM",2025248616
AmazonS3,StandardStorage,TimedStorage-ByteHrs,radicaldesigns,"Jun 4, 2008 12:00 AM","Jun 5, 2008 12:00 AM",293224968
AmazonS3,StandardStorage,TimedStorage-ByteHrs,everythingscool.org,"Jun 4, 2008 12:00 AM","Jun 5, 2008 12:00 AM",383188824
AmazonS3,StandardStorage,TimedStorage-ByteHrs,events.catalogcutdown.org,"Jun 4, 2008 12:00 AM","Jun 5, 2008 12:00 AM",833248848
AmazonS3,StandardStorage,TimedStorage-ByteHrs,actions.energyactioncoalition.org,"Jun 4, 2008 12:00 AM","Jun 5, 2008 12:00 AM",1218441720
AmazonS3,StandardStorage,TimedStorage-ByteHrs,radicaldesignsdebian,"Jun 4, 2008 12:00 AM","Jun 5, 2008 12:00 AM",3365081280
AmazonS3,StandardStorage,TimedStorage-ByteHrs,quarantinewalmart.com,"Jun 4, 2008 12:00 AM","Jun 5, 2008 12:00 AM",182990352
AmazonS3,StandardStorage,TimedStorage-ByteHrs,events.womenarts.org,"Jun 4, 2008 12:00 AM","Jun 5, 2008 12:00 AM",1817396544
AmazonS3,StandardStorage,TimedStorage-ByteHrs,echoaction.radicaldesigns.org,"Jun 4, 2008 12:00 AM","Jun 5, 2008 12:00 AM",37073736
AmazonS3,StandardStorage,TimedStorage-ByteHrs,actionecho.radicaldesigns.org,"Jun 4, 2008 12:00 AM","Jun 5, 2008 12:00 AM",582006720
AmazonS3,StandardStorage,TimedStorage-ByteHrs,unitedforpeace.org,"Jun 4, 2008 12:00 AM","Jun 5, 2008 12:00 AM",7100186088
AmazonS3,StandardStorage,TimedStorage-ByteHrs,radicaldesigns_debian_production,"Jun 4, 2008 12:00 AM","Jun 5, 2008 12:00 AM",4326464016
AmazonS3,StandardStorage,TimedStorage-ByteHrs,notyoursoldier.org,"Jun 4, 2008 12:00 AM","Jun 5, 2008 12:00 AM",307826496
AmazonS3,StandardStorage,TimedStorage-ByteHrs,events.unitedforpeace.org,"Jun 4, 2008 12:00 AM","Jun 5, 2008 12:00 AM",4161043104
AmazonS3,StandardStorage,TimedStorage-ByteHrs,corpwatch.org,"Jun 4, 2008 12:00 AM","Jun 5, 2008 12:00 AM",6285846984
AmazonS3,StandardStorage,TimedStorage-ByteHrs,4b8545297362cfff9efe73a19b7c30d2-default,"Jun 4, 2008 12:00 AM","Jun 5, 2008 12:00 AM",3.13087E+11
AmazonS3,StandardStorage,TimedStorage-ByteHrs,thankyoult.org,"Jun 4, 2008 12:00 AM","Jun 5, 2008 12:00 AM",9281973288
AmazonS3,StandardStorage,TimedStorage-ByteHrs,radicaldesignsSTEPITUP,"Jun 4, 2008 12:00 AM","Jun 5, 2008 12:00 AM",16015277688
AmazonS3,StandardStorage,TimedStorage-ByteHrs,greenchange.phoneinreport,"Jun 4, 2008 12:00 AM","Jun 5, 2008 12:00 AM",2799912
AmazonS3,StandardStorage,TimedStorage-ByteHrs,events.radicaldesigns.org,"Jun 4, 2008 12:00 AM","Jun 5, 2008 12:00 AM",893892744
AmazonS3,StandardStorage,TimedStorage-ByteHrs,codepink4peace.org,"Jun 4, 2008 12:00 AM","Jun 5, 2008 12:00 AM",46000007016
AmazonS3,StandardStorage,TimedStorage-ByteHrs,stepitup2007.org,"Jun 5, 2008 12:00 AM","Jun 6, 2008 12:00 AM",1.45343E+11
AmazonS3,StandardStorage,TimedStorage-ByteHrs,radicaldesigns.org,"Jun 5, 2008 12:00 AM","Jun 6, 2008 12:00 AM",948704688
AmazonS3,StandardStorage,TimedStorage-ByteHrs,greenchange.ea.zheng.radicaldesigns.org,"Jun 5, 2008 12:00 AM","Jun 6, 2008 12:00 AM",4760112
AmazonS3,StandardStorage,TimedStorage-ByteHrs,events.momsrising.org,"Jun 5, 2008 12:00 AM","Jun 6, 2008 12:00 AM",1364628240
AmazonS3,StandardStorage,TimedStorage-ByteHrs,amp-stepitup,"Jun 5, 2008 12:00 AM","Jun 6, 2008 12:00 AM",25090860096
AmazonS3,StandardStorage,TimedStorage-ByteHrs,seiuvoice.org,"Jun 5, 2008 12:00 AM","Jun 6, 2008 12:00 AM",2027162040
AmazonS3,StandardStorage,TimedStorage-ByteHrs,radicaldesigns,"Jun 5, 2008 12:00 AM","Jun 6, 2008 12:00 AM",293224968
AmazonS3,StandardStorage,TimedStorage-ByteHrs,everythingscool.org,"Jun 5, 2008 12:00 AM","Jun 6, 2008 12:00 AM",383188824
AmazonS3,StandardStorage,TimedStorage-ByteHrs,events.catalogcutdown.org,"Jun 5, 2008 12:00 AM","Jun 6, 2008 12:00 AM",833248848
AmazonS3,StandardStorage,TimedStorage-ByteHrs,actions.energyactioncoalition.org,"Jun 5, 2008 12:00 AM","Jun 6, 2008 12:00 AM",1218441720
AmazonS3,StandardStorage,TimedStorage-ByteHrs,radicaldesignsdebian,"Jun 5, 2008 12:00 AM","Jun 6, 2008 12:00 AM",3365081280
AmazonS3,StandardStorage,TimedStorage-ByteHrs,quarantinewalmart.com,"Jun 5, 2008 12:00 AM","Jun 6, 2008 12:00 AM",182990352
AmazonS3,StandardStorage,TimedStorage-ByteHrs,events.womenarts.org,"Jun 5, 2008 12:00 AM","Jun 6, 2008 12:00 AM",1817396544
AmazonS3,StandardStorage,TimedStorage-ByteHrs,echoaction.radicaldesigns.org,"Jun 5, 2008 12:00 AM","Jun 6, 2008 12:00 AM",37073736
AmazonS3,StandardStorage,TimedStorage-ByteHrs,actionecho.radicaldesigns.org,"Jun 5, 2008 12:00 AM","Jun 6, 2008 12:00 AM",582006720
AmazonS3,StandardStorage,TimedStorage-ByteHrs,radicaldesigns_debian_production,"Jun 5, 2008 12:00 AM","Jun 6, 2008 12:00 AM",4326464016
AmazonS3,StandardStorage,TimedStorage-ByteHrs,notyoursoldier.org,"Jun 5, 2008 12:00 AM","Jun 6, 2008 12:00 AM",307826496
AmazonS3,StandardStorage,TimedStorage-ByteHrs,events.unitedforpeace.org,"Jun 5, 2008 12:00 AM","Jun 6, 2008 12:00 AM",4161043104
AmazonS3,StandardStorage,TimedStorage-ByteHrs,corpwatch.org,"Jun 5, 2008 12:00 AM","Jun 6, 2008 12:00 AM",6285846984
AmazonS3,StandardStorage,TimedStorage-ByteHrs,4b8545297362cfff9efe73a19b7c30d2-default,"Jun 5, 2008 12:00 AM","Jun 6, 2008 12:00 AM",3.13087E+11
AmazonS3,StandardStorage,TimedStorage-ByteHrs,radicaldesignsSTEPITUP,"Jun 5, 2008 12:00 AM","Jun 6, 2008 12:00 AM",16015277688
AmazonS3,StandardStorage,TimedStorage-ByteHrs,greenchange.phoneinreport,"Jun 5, 2008 12:00 AM","Jun 6, 2008 12:00 AM",2799912
AmazonS3,StandardStorage,TimedStorage-ByteHrs,events.radicaldesigns.org,"Jun 5, 2008 12:00 AM","Jun 6, 2008 12:00 AM",893892744
AmazonS3,StandardStorage,TimedStorage-ByteHrs,codepink4peace.org,"Jun 5, 2008 12:00 AM","Jun 6, 2008 12:00 AM",46020283944
AmazonS3,StandardStorage,TimedStorage-ByteHrs,unitedforpeace.org,"Jun 5, 2008 12:00 AM","Jun 6, 2008 12:00 AM",7101994368
AmazonS3,StandardStorage,TimedStorage-ByteHrs,thankyoult.org,"Jun 5, 2008 12:00 AM","Jun 6, 2008 12:00 AM",9281973288